left_tf,right_tf,state_label,rows,positive_rate,full_score_mean,availability_only_score_mean,geometry_residual_mean,bridge_residual_mean,state_gate_mean,state_correction_mean,edge_gap_mean
GLI3,FLI1,chr20:17928606-17928807,1,0.0,0.9851523637771606,0.9878674745559692,-0.216663509607315,0.0429781302809715,0.0177860055118799,0.0995820015668869,6.0
GLI3,RFX3,chr20:46406999-46407349,1,1.0,0.952087938785553,0.991425633430481,0.2036138176918029,0.2485074400901794,1.99061381816864,0.0996980145573616,1.0
GLI3,RFX3,chrX:20455054-20455391,1,0.0,0.9328405857086182,0.9812307953834534,0.0946920067071914,0.2204600423574447,1.992481231689453,0.0997611954808235,-25.0
PROX1,HOXA2,chr20:17928606-17928807,1,1.0,0.9644848704338074,0.9704660773277284,-0.2892227172851562,-0.0842100232839584,0.0060146679170429,0.09965231269598,11.0
